hidden_layers,hidden_units,dropout,lr,batch_size,test_R2,test_RMSE,test_MAE
3,256,0.3552662183470917,0.005785498689372763,256,0.983618122754771,3.1653525984855597,1.7204247280397276
