Test,Statistic,p-value,Significant (α=0.05)
Shapiro-Wilk,0.7532732304657004,1.2755939148913099e-65,True
T-test (Morn vs Aft),-36.20950526126019,2.003814210927952e-251,True
Kruskal-Wallis,131.649343078241,2.3857221942192656e-28,True
Levene's Test,28.025568431156856,1.9967553981832865e-58,True
Mann-Whitney U,18527689.5,0.0,True
Pearson Correlation,0.8808577305087457,0.0,True
